Formatted Date,Temperature (C),Humidity,Precip Type,Daily Summary
2024-01-01 08:00:00,15.2,68,,Clear and cool morning
2024-01-01 12:00:00,22.5,55,,Sunny and pleasant
2024-01-01 16:00:00,20.8,62,,Partly cloudy
2024-01-01 20:00:00,14.3,75,,Cool evening
2024-01-02 08:00:00,14.8,70,,Mild with light fog
2024-01-02 12:00:00,23.1,52,,Bright and warm
2024-01-02 16:00:00,21.0,60,,Light breeze
2024-01-02 20:00:00,13.9,78,,Chilly night
2024-01-03 08:00:00,15.5,65,,Clear skies
2024-01-03 12:00:00,24.0,50,,Hot and dry
2024-01-03 16:00:00,22.0,58,,Partly cloudy
2024-01-03 20:00:00,14.5,72,,Cool and calm
2024-01-04 08:00:00,14.2,73,,Overcast morning
2024-01-04 12:00:00,22.8,56,rain,"Light drizzle in afternoon"
2024-01-04 16:00:00,20.5,68,rain,"Showers continuing"
2024-01-04 20:00:00,14.0,80,rain,"Wet evening"
2024-01-05 08:00:00,15.0,69,,Foggy start
2024-01-05 12:00:00,23.5,54,,Sunny intervals
2024-01-05 16:00:00,21.5,61,,Breezy
2024-01-05 20:00:00,14.2,76,,Cool and clear
2024-01-06 08:00:00,14.5,71,,Misty morning
2024-01-06 12:00:00,24.2,51,,Warm and sunny
2024-01-06 16:00:00,22.3,59,,Partly cloudy
2024-01-06 20:00:00,14.8,74,,Calm night
2024-01-07 08:00:00,15.3,67,,Clear and bright
2024-01-07 12:00:00,23.8,53,,Hot and dry
2024-01-07 16:00:00,21.8,60,,Light wind
2024-01-07 20:00:00,14.6,73,,Cool and quiet
2024-01-08 08:00:00,14.0,75,,Cloudy start
2024-01-08 12:00:00,22.9,57,rain,"Scattered showers"
2024-01-08 16:00:00,20.7,69,rain,"Rain easing"
2024-01-08 20:00:00,14.1,82,rain,"Damp evening"
2024-01-09 08:00:00,15.1,66,,Fog lifting
2024-01-09 12:00:00,24.1,52,,Sunny and warm
2024-01-09 16:00:00,22.1,58,,Partly cloudy
2024-01-09 20:00:00,14.4,75,,Cool and clear
2024-01-10 08:00:00,14.7,72,,Overcast
2024-01-10 12:00:00,23.0,55,,Mild and breezy
2024-01-10 16:00:00,21.2,63,,Light clouds
2024-01-10 20:00:00,14.3,77,,Chilly night
2024-01-11 08:00:00,15.4,68,,Clear morning
2024-01-11 12:00:00,24.5,50,,Hot and dry
2024-01-11 16:00:00,22.5,57,,Partly sunny
2024-01-11 20:00:00,14.9,71,,Cool and calm
2024-01-12 08:00:00,14.3,74,,Misty
2024-01-12 12:00:00,23.2,56,rain,"Light rain in afternoon"
2024-01-12 16:00:00,20.9,67,rain,"Drizzle continuing"
2024-01-12 20:00:00,14.2,81,rain,"Wet evening"
2024-01-13 08:00:00,15.2,69,,Fog clearing
2024-01-13 12:00:00,24.3,51,,Sunny and warm
2024-01-13 16:00:00,22.4,59,,Breezy
2024-01-13 20:00:00,14.7,73,,Cool and clear
2024-01-14 08:00:00,14.6,70,,Cloudy
2024-01-14 12:00:00,23.6,54,,Mild and sunny
2024-01-14 16:00:00,21.6,61,,Partly cloudy
2024-01-14 20:00:00,14.5,76,,Calm night
2024-01-15 08:00:00,15.0,68,,Clear skies
2024-01-15 12:00:00,24.8,49,,Hot and dry
2024-01-15 16:00:00,22.8,56,,Light wind
2024-01-15 20:00:00,15.1,70,,Cool evening
2024-01-16 08:00:00,14.4,73,,Overcast morning
2024-01-16 12:00:00,23.4,55,rain,"Scattered showers"
2024-01-16 16:00:00,21.1,66,rain,"Rain easing"
2024-01-16 20:00:00,14.6,79,rain,"Damp night"
2024-01-17 08:00:00,15.3,67,,Fog lifting
2024-01-17 12:00:00,24.6,50,,Sunny and warm
2024-01-17 16:00:00,22.6,58,,Partly cloudy
2024-01-17 20:00:00,14.8,72,,Cool and clear
2024-01-18 08:00:00,14.9,71,,Misty start
2024-01-18 12:00:00,23.9,53,,Hot and dry
2024-01-18 16:00:00,21.9,60,,Light breeze
2024-01-18 20:00:00,14.7,75,,Calm night
2024-01-19 08:00:00,15.5,66,,Clear and bright
2024-01-19 12:00:00,25.0,48,,Very hot
2024-01-19 16:00:00,23.0,55,,Partly sunny
2024-01-19 20:00:00,15.2,69,,Cool evening
2024-01-20 08:00:00,14.2,74,,Cloudy
2024-01-20 12:00:00,23.1,57,rain,"Light drizzle"
2024-01-20 16:00:00,20.8,68,rain,"Showers continuing"
2024-01-20 20:00:00,14.4,80,rain,"Wet night"
2024-01-21 08:00:00,15.1,69,,Foggy morning
2024-01-21 12:00:00,24.4,51,,Sunny intervals
2024-01-21 16:00:00,22.4,59,,Breezy
2024-01-21 20:00:00,14.9,73,,Cool and clear
2024-01-22 08:00:00,14.7,72,,Overcast
2024-01-22 12:00:00,23.7,54,,Mild and sunny
2024-01-22 16:00:00,21.7,61,,Partly cloudy
2024-01-22 20:00:00,14.6,76,,Chilly night
2024-01-23 08:00:00,15.4,68,,Clear skies
2024-01-23 12:00:00,24.9,49,,Hot and dry
2024-01-23 16:00:00,22.9,56,,Light wind
2024-01-23 20:00:00,15.0,70,,Cool evening
2024-01-24 08:00:00,14.5,73,,Misty
2024-01-24 12:00:00,23.3,56,rain,"Scattered showers"
2024-01-24 16:00:00,21.0,67,rain,"Rain easing"
2024-01-24 20:00:00,14.7,79,rain,"Damp evening"
2024-01-25 08:00:00,15.2,69,,Fog clearing
2024-01-25 12:00:00,24.7,50,,Sunny and warm
2024-01-25 16:00:00,22.7,58,,Partly cloudy
2024-01-25 20:00:00,14.8,72,,Cool and clear
2024-01-26 08:00:00,14.8,71,,Cloudy start
2024-01-26 12:00:00,24.0,52,,Hot and dry
2024-01-26 16:00:00,22.0,59,,Light breeze
2024-01-26 20:00:00,14.9,74,,Calm night
2024-01-27 08:00:00,15.6,67,,Clear and bright
2024-01-27 12:00:00,25.1,48,,Very hot
2024-01-27 16:00:00,23.1,55,,Partly sunny
2024-01-27 20:00:00,15.3,69,,Cool evening
2024-01-28 08:00:00,14.3,74,,Overcast
2024-01-28 12:00:00,23.5,55,rain,"Light rain"
2024-01-28 16:00:00,21.2,66,rain,"Drizzle continuing"
2024-01-28 20:00:00,14.5,80,rain,"Wet night"
2024-01-29 08:00:00,15.0,68,,Fog lifting
2024-01-29 12:00:00,24.5,51,,Sunny and warm
2024-01-29 16:00:00,22.5,59,,Breezy
2024-01-29 20:00:00,14.7,73,,Cool and clear
2024-01-30 08:00:00,14.6,72,,Misty morning
2024-01-30 12:00:00,23.8,53,,Hot and dry
2024-01-30 16:00:00,21.8,60,,Partly cloudy
2024-01-30 20:00:00,14.8,75,,Calm night
2024-01-31 08:00:00,15.3,69,,Clear skies
2024-01-31 12:00:00,24.9,49,,Hot and dry
2024-01-31 16:00:00,22.9,56,,Light wind
2024-01-31 20:00:00,15.1,70,,Cool evening